City_ID,City,Lat,Lng,Max Temp,Humidity,Cloudiness,Wind Speed,Country,Date
0,kahului,20.8947,-156.47,22.69,88,40,2.06,US,1675446946
1,foix,42.8333,1.5833,5.11,74,18,2.41,FR,1675446947
2,byron bay,-28.65,153.6167,24.41,85,15,1.46,AU,1675446937
3,rikitea,-23.1203,-134.9692,25.63,71,71,4.68,PF,1675446948
4,nikolskoye,59.7035,30.7861,-4.01,96,100,2.38,RU,1675446948
5,kalengwa,-13.4659,25.0027,19.02,93,91,1.42,ZM,1675446949
6,ushuaia,-54.8,-68.3,13.81,77,75,9.77,AR,1675446949
7,calabozo,8.9242,-67.4293,34.4,30,8,3.65,VE,1675446950
8,egvekinot,66.3167,-179.1667,-26.92,86,10,7.26,RU,1675446950
9,ribeira grande,38.5167,-28.7,16.54,88,75,7.15,PT,1675446952
10,bluff,-46.6,168.3333,15.8,97,75,1.83,NZ,1675446952
11,hervey bay,-25.2986,152.8535,26.83,88,77,4.64,AU,1675446953
12,barrow,71.2906,-156.7887,-25.99,76,0,8.75,US,1675446953
13,dudinka,69.4058,86.1778,-11.41,96,100,3.75,RU,1675446954
14,khatanga,71.9667,102.5,-35.41,100,64,1.68,RU,1675446954
15,vaini,-21.2,-175.2,25.09,94,75,6.69,TO,1675446955
16,punta arenas,-53.15,-70.9167,20.06,52,20,12.86,CL,1675446955
17,bambous virieux,-20.3428,57.7575,26.23,94,75,3.6,MU,1675446956
18,millinocket,45.6573,-68.7098,-21.94,45,20,7.2,US,1675446956
19,sao joao da barra,-21.6403,-41.0511,32.05,78,35,6.58,BR,1675446956
20,cape town,-33.9258,18.4232,21.23,67,0,10.29,ZA,1675446957
21,avarua,-21.2078,-159.775,27.03,83,75,5.14,CK,1675446957
22,san rafael,-34.6177,-68.3301,31.06,23,2,4.91,AR,1675446851
23,georgetown,5.4112,100.3354,25.96,94,20,1.54,MY,1675446927
24,cidreira,-30.1811,-50.2056,27.13,70,100,4.06,BR,1675446958
25,alofi,-19.0595,-169.9187,22.94,94,100,3.09,NU,1675446958
26,fairbanks,64.8378,-147.7164,-13.02,82,100,0.0,US,1675446959
27,lavrentiya,65.5833,-171.0,-26.52,92,38,3.57,RU,1675446959
28,antofagasta,-23.65,-70.4,23.6,71,7,3.75,CL,1675446960
29,busselton,-33.65,115.3333,20.54,56,40,6.93,AU,1675446960
30,kotido,2.9806,34.1331,27.32,26,12,7.4,UG,1675446961
31,tual,-5.6667,132.75,27.46,81,100,9.23,ID,1675446961
32,hilo,19.7297,-155.09,24.04,86,0,2.57,US,1675446880
33,sao gabriel da cachoeira,-0.1303,-67.0892,27.89,78,75,1.03,BR,1675446962
34,tiksi,71.6872,128.8694,-37.18,99,76,0.8,RU,1675446963
35,esperance,-33.8667,121.9,15.81,80,76,4.42,AU,1675446964
36,kapaa,22.0752,-159.319,23.18,93,75,7.2,US,1675446964
37,kurilsk,45.2333,147.8833,-7.81,66,100,6.92,RU,1675446965
38,santa maria,-29.6842,-53.8069,27.61,69,75,2.06,BR,1675446779
39,tasiilaq,65.6145,-37.6368,-2.91,79,100,8.19,GL,1675446966
40,pizarro,4.9533,-77.366,28.4,70,85,1.96,CO,1675446966
41,berja,36.8469,-2.9497,11.53,69,0,0.64,ES,1675446841
42,coquimbo,-29.9533,-71.3436,20.85,68,75,5.14,CL,1675446866
43,hermanus,-34.4187,19.2345,22.11,64,0,6.94,ZA,1675446967
44,pierre,44.3683,-100.351,-11.51,74,0,5.14,US,1675446967
45,shumikha,55.2261,63.2961,-18.92,88,30,2.4,RU,1675446968
46,yellowknife,62.456,-114.3525,-27.71,76,75,3.09,CA,1675446968
47,beringovskiy,63.05,179.3167,-25.16,94,87,5.91,RU,1675446969
48,ilulissat,69.2167,-51.1,-12.99,66,75,1.03,GL,1675446969
49,bredasdorp,-34.5322,20.0403,19.79,67,0,5.04,ZA,1675446970
50,albany,42.6001,-73.9662,-11.54,48,67,2.24,US,1675446970
51,puerto ayora,-0.7393,-90.3518,28.98,85,27,4.92,EC,1675446684
52,nelson bay,-32.7167,152.15,20.56,92,1,4.02,AU,1675446971
53,charters towers,-20.1,146.2667,22.61,92,100,0.92,AU,1675446972
54,awbari,26.5921,12.7805,15.76,31,100,6.09,LY,1675446972
55,torbay,47.6666,-52.7314,0.32,96,100,14.4,CA,1675446973
56,san patricio,28.017,-97.5169,12.71,58,0,4.39,US,1675446974
57,andreapol,56.6513,32.2664,-7.72,97,98,2.15,RU,1675446974
58,boden,65.8252,21.6886,-16.0,99,16,2.15,SE,1675446975
59,arman,59.7,150.1667,-22.63,87,17,3.83,RU,1675446975
60,husavik,66.0449,-17.3389,1.41,83,100,5.74,IS,1675446921
61,east london,-33.0153,27.9116,24.52,73,75,3.6,ZA,1675446592
62,leningradskiy,69.3833,178.4167,-33.68,100,100,0.86,RU,1675446976
63,inongo,-1.95,18.2667,26.35,64,60,0.34,CD,1675446977
64,mnogovershinnyy,53.9353,139.9242,-28.69,91,13,1.7,RU,1675446977
65,carquefou,47.2982,-1.4902,10.08,77,100,0.51,FR,1675446978
66,pangkalanbuun,-2.6833,111.6167,23.49,98,100,1.28,ID,1675446978
67,yar-sale,66.8333,70.8333,-12.21,95,100,2.75,RU,1675446979
68,arraial do cabo,-22.9661,-42.0278,33.98,62,40,6.17,BR,1675446980
69,chokurdakh,70.6333,147.9167,-28.23,98,96,1.38,RU,1675446980
70,nanzhou,29.3596,112.4024,6.05,75,84,1.87,CN,1675446981
71,karratha,-20.7377,116.8463,29.56,64,43,2.88,AU,1675446982
72,nikel,69.4128,30.222,-22.9,100,100,1.8,RU,1675446982
73,sola,-13.8833,167.55,27.69,73,35,1.87,VU,1675446982
74,anadyr,64.75,177.4833,-19.72,77,0,2.0,RU,1675446983
75,tananger,58.9333,5.6,4.05,81,20,3.09,NO,1675446984
76,tigil,57.8,158.6667,-28.44,100,52,0.95,RU,1675446984
77,ahipara,-35.1667,173.1667,19.51,96,100,2.99,NZ,1675446985
78,foumban,5.7291,10.9001,24.85,20,8,0.47,CM,1675446985
79,gornopravdinsk,60.05,69.9,-17.16,98,51,1.75,RU,1675446986
80,port alfred,-33.5906,26.891,22.32,92,89,1.34,ZA,1675446986
81,sisimiut,66.9395,-53.6735,-15.72,91,100,3.76,GL,1675446987
82,hithadhoo,-0.6,73.0833,27.78,68,59,7.64,MV,1675446987
83,camana,-16.6228,-72.7111,25.45,73,96,3.54,PE,1675446988
84,sulangan,11.1373,123.7228,25.99,83,70,7.33,PH,1675446988
85,luderitz,-26.6481,15.1594,19.7,70,33,8.8,NA,1675446989
86,shaoguan,24.8,113.5833,14.52,78,100,0.37,CN,1675446990
87,nakhon thai,17.1006,100.8374,25.2,64,67,1.18,TH,1675446990
88,klaksvik,62.2266,-6.589,6.51,97,100,14.85,FO,1675446991
89,minab,27.1467,57.0801,20.6,79,0,0.99,IR,1675446991
90,san pedro,14.35,121.0167,25.57,77,20,2.06,PH,1675446992
91,plettenberg bay,-34.0527,23.3716,19.38,85,10,3.76,ZA,1675446992
92,sobolevo,54.4299,31.8996,-5.36,96,99,3.07,RU,1675446992
93,atuona,-9.8,-139.0333,25.84,79,17,8.86,PF,1675446993
94,port hardy,50.6996,-127.4199,7.1,76,100,7.72,CA,1675446993
95,ponta do sol,32.6667,-17.1,17.78,48,64,3.52,PT,1675446724
96,olafsvik,64.8945,-23.7142,3.96,80,100,14.88,IS,1675446994
97,rabo de peixe,37.8,-25.5833,16.73,77,20,4.63,PT,1675446995
98,talnakh,69.4865,88.3972,-11.99,96,100,2.74,RU,1675446995
99,saskylakh,71.9167,114.0833,-38.5,100,87,1.68,RU,1675446996
100,yulara,-25.2406,130.9889,19.14,39,0,5.93,AU,1675446996
101,port lincoln,-34.7333,135.8667,15.38,67,53,4.84,AU,1675446997
102,longyearbyen,78.2186,15.6401,-13.09,61,20,1.54,SJ,1675446997
103,lorengau,-2.0226,147.2712,26.94,75,100,0.35,PG,1675446998
104,hofn,64.2539,-15.2082,2.01,93,100,5.14,IS,1675446998
105,lasa,46.6166,10.7002,7.49,80,69,4.35,IT,1675446999
106,normandin,48.8333,-72.5321,-29.83,51,100,8.75,CA,1675446999
107,norman wells,65.282,-126.8329,-34.98,75,75,0.0,CA,1675447000
108,mataura,-46.1927,168.8643,15.48,99,73,1.67,NZ,1675447000
109,kabalo,-6.05,26.9167,23.49,83,18,1.05,CD,1675447001
110,hobart,-42.8794,147.3294,12.92,84,100,7.2,AU,1675447002
111,lata,40.1629,-8.3327,14.34,69,0,1.34,PT,1675447002
112,mar del plata,-38.0023,-57.5575,24.35,62,40,7.2,AR,1675446737
113,north bend,43.4065,-124.2243,9.92,90,100,4.63,US,1675447003
114,nouadhibou,20.931,-17.0347,25.99,13,100,1.54,MR,1675446769
115,iqaluit,63.7506,-68.5145,-35.15,59,40,9.26,CA,1675447004
116,kirakira,-10.4544,161.9205,26.21,85,45,2.0,SB,1675447005
117,port keats,-14.25,129.55,27.05,87,62,4.6,AU,1675447005
118,buala,-8.145,159.5921,26.19,83,100,1.27,SB,1675447006
119,vichy,46.25,3.5833,4.64,90,22,0.87,FR,1675447006
120,mitsamiouli,-11.3847,43.2844,27.86,76,100,1.58,KM,1675447007
121,seddon,-37.8068,144.8916,14.86,78,83,4.63,AU,1675447007
122,genhe,50.7833,121.5167,-27.95,100,100,0.85,CN,1675447008
123,roald,62.5833,6.1333,2.09,80,0,3.6,NO,1675447008
124,steamboat springs,40.485,-106.8317,-9.23,100,0,0.0,US,1675447007
125,sutysky,49.0425,28.4173,-3.83,89,56,1.86,UA,1675447009
126,parczew,51.6402,22.9006,0.34,87,100,4.87,PL,1675447009
127,kisangani,0.5167,25.2,25.88,55,44,1.39,CD,1675447010
128,jamestown,42.097,-79.2353,-12.77,82,100,6.17,US,1675446873
129,erenhot,43.6475,111.9767,-9.95,50,0,4.13,CN,1675447010
130,paita,-5.0892,-81.1144,27.51,61,41,5.58,PE,1675447011
131,flinders,-34.5833,150.8552,17.88,56,15,2.24,AU,1675447011
132,tuatapere,-46.1333,167.6833,16.72,92,31,2.29,NZ,1675447012
133,katobu,-4.9408,122.5276,23.35,94,100,2.32,ID,1675447012
134,rio grande,-32.035,-52.0986,29.06,74,50,4.37,BR,1675447012
135,dikson,73.5069,80.5464,-15.47,95,100,0.54,RU,1675447013
136,newport,51.5877,-2.9984,10.38,91,36,2.02,GB,1675446981
137,corrales,35.2378,-106.6067,11.25,35,3,1.79,US,1675447014
138,bose,45.4612,8.0137,10.77,55,9,2.03,IT,1675447014
139,killybegs,54.6333,-8.45,10.84,77,77,6.31,IE,1675447014
140,eirunepe,-6.6603,-69.8736,23.98,95,100,1.18,BR,1675447015
141,saint anthony,45.0205,-93.218,-18.52,59,100,3.6,US,1675447015
142,synya,65.3718,58.0387,-9.52,94,98,3.59,RU,1675447016
143,mahon,39.8885,4.2658,9.31,76,0,1.03,ES,1675446442
144,lompoc,34.6391,-120.4579,16.62,57,75,1.79,US,1675447017
145,thanh hoa,19.8,105.7667,19.29,96,100,1.11,VN,1675447017
146,safaga,26.7292,33.9365,16.8,50,0,5.65,EG,1675447019
147,monterey,36.2505,-121.2516,12.88,32,91,1.73,US,1675446483
148,upernavik,72.7868,-56.1549,-24.69,100,100,3.27,GL,1675447020
149,langham,52.3668,-106.9679,-16.09,91,100,2.48,CA,1675447020
150,miri,4.4148,114.0089,24.08,100,40,0.0,MY,1675446987
151,jalpaiguri,26.5167,88.7333,16.85,52,0,2.51,IN,1675447021
152,jizan,17.3333,42.6667,26.52,68,69,3.6,SA,1675447021
153,kavieng,-2.5744,150.7967,28.05,73,86,3.74,PG,1675447022
154,zhanaozen,43.3,52.8,0.98,99,100,6.67,KZ,1675447023
155,ocampo,21.65,-101.5,13.27,45,55,7.41,MX,1675447023
156,kruisfontein,-34.0033,24.7314,22.71,83,4,5.38,ZA,1675446858
157,butaritari,3.0707,172.7902,27.34,78,25,8.61,KI,1675447024
158,qui nhon,13.7667,109.2333,23.12,89,100,2.71,VN,1675447025
159,saint-philippe,-21.3585,55.7679,26.77,87,93,6.07,RE,1675447025
160,faanui,-16.4833,-151.75,27.35,76,12,7.02,PF,1675447026
161,mumford,5.2618,-0.759,27.39,81,43,5.5,GH,1675447026
162,bethel,41.3712,-73.414,-5.8,38,75,7.2,US,1675447005
163,ust-kan,50.9276,84.761,-6.73,96,100,1.04,RU,1675447027
164,kerema,-7.9631,145.7785,25.04,89,100,1.63,PG,1675447028
165,palembang,-2.9167,104.7458,25.05,94,40,0.0,ID,1675447028
166,san vicente,-26.6167,-54.1333,28.35,55,100,1.41,AR,1675447029
167,paraiso,9.8383,-83.8656,24.38,80,35,3.43,CR,1675447029
168,ugoofaaru,5.6667,73.0,26.85,73,100,5.39,MV,1675447030
169,beyneu,45.3167,55.2,1.97,82,100,5.98,KZ,1675447031
170,turinsk,58.0458,63.696,-15.86,98,63,1.75,RU,1675447031
171,shache,38.4167,77.2406,-5.99,90,30,2.75,CN,1675447032
172,avera,33.194,-82.5271,13.03,54,82,3.88,US,1675447032
173,bilibino,68.0546,166.4372,-25.31,99,58,2.55,RU,1675447033
174,balkanabat,39.5108,54.3671,5.96,85,32,4.51,TM,1675447033
175,palmer,42.1584,-72.3287,-8.41,30,20,11.83,US,1675447034
176,sorkjosen,69.8,20.9333,-9.0,67,0,4.12,NO,1675447034
177,nisia floresta,-6.0911,-35.2086,31.45,60,43,6.38,BR,1675447035
178,waddan,29.1614,16.139,13.91,40,100,4.94,LY,1675447035
179,kaitangata,-46.2817,169.8464,15.32,97,83,1.02,NZ,1675447036
180,port hawkesbury,45.6169,-61.3485,-3.03,94,100,11.62,CA,1675447037
181,vanimo,-2.6741,141.3028,25.09,90,100,2.38,PG,1675447037
182,puerto maldonado,-12.6,-69.1833,24.22,94,100,3.09,PE,1675447038
183,henties bay,-22.116,14.2845,18.24,83,53,3.24,NA,1675447039
184,san quintin,30.4833,-115.95,17.24,39,100,2.2,MX,1675447039
185,santa luzia,-19.7697,-43.8514,33.08,44,40,2.06,BR,1675446747
186,kataysk,56.289,62.5841,-18.62,94,27,2.12,RU,1675447040
187,ancud,-41.8697,-73.8203,21.79,63,0,2.71,CL,1675447042
188,lebu,-37.6167,-73.65,20.85,60,0,9.78,CL,1675447042
189,katsuura,35.1333,140.3,6.8,79,100,4.05,JP,1675447043
190,airai,-8.9266,125.4092,15.36,96,100,1.56,TL,1675447044
191,verona,45.4167,11.0333,8.55,100,71,1.54,IT,1675446817
192,tuktoyaktuk,69.4541,-133.0374,-41.0,66,20,1.54,CA,1675447044
193,nazarovo,56.0064,90.3914,-22.23,100,100,0.92,RU,1675447045
194,porto velho,-8.7619,-63.9039,27.03,78,75,3.09,BR,1675446935
195,vrangel,42.7297,133.0839,-8.88,56,83,2.94,RU,1675447046
196,marsh harbour,26.5412,-77.0636,25.26,71,0,7.5,BS,1675446953
197,jacareacanga,-6.2222,-57.7528,30.52,66,75,1.29,BR,1675447047
198,orbottyan,47.6871,19.2824,3.57,85,100,7.61,HU,1675447047
199,high prairie,55.4334,-116.4858,1.28,84,100,3.6,CA,1675447048
200,batemans bay,-35.7167,150.1833,11.0,66,1,2.66,AU,1675447048
201,pevek,69.7008,170.3133,-30.39,99,21,0.42,RU,1675447049
202,college,64.8569,-147.8028,-13.03,81,100,0.0,US,1675447049
203,talen,23.5667,76.7167,16.58,28,7,2.76,IN,1675447050
204,qaanaaq,77.484,-69.3632,-19.19,62,92,3.47,GL,1675447050
205,posyet,42.6508,130.8046,-11.18,80,58,1.85,RU,1675447051
206,llanes,43.4198,-4.7549,11.05,73,0,4.54,ES,1675447051
207,stabat,3.761,98.4513,25.11,98,87,1.38,ID,1675447052
208,moree,-29.4667,149.85,18.52,39,0,6.3,AU,1675447052
209,half moon bay,37.4636,-122.4286,11.04,93,100,4.63,US,1675446828
210,provideniya,64.3833,-173.3,-21.01,89,56,4.93,RU,1675447053
211,codrington,-38.2667,141.9667,14.82,82,96,8.97,AU,1675446816
212,san joaquin,37.9333,-121.3011,10.16,83,100,3.6,US,1675447054
213,kieta,-6.2167,155.6333,26.1,84,92,1.43,PG,1675446771
214,lagoa,39.05,-27.9833,15.49,79,81,5.61,PT,1675447054
215,marsa matruh,31.3525,27.2453,15.11,55,40,5.14,EG,1675447055
216,nago,26.5881,127.9761,15.25,75,99,3.32,JP,1675447055
217,ossora,59.2353,163.0719,-9.57,95,100,4.21,RU,1675447056
218,leh,34.1667,77.5833,-12.0,87,75,0.9,IN,1675446877
219,new norfolk,-42.7826,147.0587,12.72,84,100,0.45,AU,1675447057
220,sao filipe,14.8961,-24.4956,22.03,72,82,4.71,CV,1675447057
221,mount gambier,-37.8333,140.7667,13.5,84,87,4.27,AU,1675447058
222,waitati,-45.75,170.5667,17.67,87,19,0.4,NZ,1675447058
223,port-gentil,-0.7193,8.7815,28.98,79,40,2.57,GA,1675447059
224,touros,-5.1989,-35.4608,29.42,62,84,7.31,BR,1675447059
225,imeni poliny osipenko,52.4201,136.4853,-33.99,100,100,0.72,RU,1675447059
226,nanortalik,60.1432,-45.2371,-7.84,69,99,16.38,GL,1675447060
227,salisbury,51.0693,-1.7957,10.74,83,100,4.63,GB,1675446484
228,vostok,46.4856,135.8833,-23.19,99,100,2.14,RU,1675447060
229,thompson,55.7435,-97.8558,-26.91,76,100,2.06,CA,1675447061
230,rudbar,30.15,62.6,17.37,50,7,3.69,AF,1675447061
231,roswell,34.0232,-84.3616,9.81,54,0,8.75,US,1675447062
232,kasongo-lunda,-6.4667,16.8167,22.37,82,84,1.59,CD,1675447062
233,te anau,-45.4167,167.7167,15.52,95,48,0.64,NZ,1675447063
234,ekibastuz,51.6667,75.3667,-20.07,99,89,1.84,KZ,1675447063
235,bengkulu,-3.8004,102.2655,24.33,88,90,2.58,ID,1675447063
236,kuching,1.55,110.3333,26.13,79,40,1.03,MY,1675447064
237,manokwari,-0.8667,134.0833,25.32,81,100,1.95,ID,1675447064
238,vendychany,48.6118,27.7932,-2.14,77,59,0.2,UA,1675447065
239,labuhan,-6.8844,112.2051,25.67,85,100,3.61,ID,1675446858
240,imbituba,-28.24,-48.6703,26.36,81,100,1.06,BR,1675447065
241,carnarvon,-24.8667,113.6333,26.95,68,36,2.27,AU,1675447066
242,daru,-9.0763,143.2092,25.36,90,100,4.35,PG,1675447066
243,narsaq,60.9167,-46.05,-13.33,79,99,4.74,GL,1675447067
244,kharp,66.8014,65.8081,-8.21,93,100,1.94,RU,1675447067
245,vila velha,-20.3297,-40.2925,31.97,65,20,6.69,BR,1675447068
246,dunedin,-45.8742,170.5036,17.67,87,28,0.54,NZ,1675447068
247,tiznit,29.5833,-9.5,13.85,27,1,0.87,MA,1675446809
248,basoko,1.2391,23.616,26.87,53,68,1.5,CD,1675447069
249,rocha,-34.4833,-54.3333,19.25,89,88,5.96,UY,1675447069
250,kodiak,57.79,-152.4072,0.73,75,100,0.0,US,1675447049
251,den helder,52.9599,4.7593,8.32,83,100,8.49,NL,1675447070
252,preobrazheniye,42.9019,133.9064,-10.03,55,78,2.5,RU,1675447070
253,victoria,22.2855,114.1577,18.03,83,85,4.92,HK,1675446865
254,broken hill,-31.95,141.4333,12.41,55,1,4.78,AU,1675447071
255,kalianget,-7.05,113.9333,25.87,88,100,4.44,ID,1675447073
256,bosconia,9.9689,-73.8836,36.58,21,8,1.9,CO,1675447074
257,campoverde,-8.4753,-74.8058,29.83,40,99,1.86,PE,1675447074
258,goundam,16.4145,-3.6708,25.02,10,7,4.95,ML,1675447075
259,anito,12.4497,125.2886,24.97,89,93,5.56,PH,1675447079
260,aktyubinskiy,54.8137,52.8056,-11.22,88,100,2.72,RU,1675447080
261,marathon,44.9,-89.7668,-18.4,60,0,1.54,US,1675447080
262,charagua,-19.8,-63.2167,25.76,61,100,4.16,BO,1675447081
263,tabuk,17.4189,121.4443,21.24,93,91,1.65,PH,1675447081
264,kutum,14.2,24.6667,19.69,15,32,4.28,SD,1675447081
265,carutapera,-1.195,-46.02,28.31,70,54,4.18,BR,1675447082
266,kushiro,42.975,144.3747,-11.73,93,39,2.88,JP,1675446830
267,tayshet,55.9342,98.0044,-13.86,98,100,1.04,RU,1675447083
268,nkhata bay,-11.6066,34.2907,22.66,85,100,1.68,MW,1675447083
269,morro bay,35.3658,-120.8499,17.17,52,81,0.99,US,1675447006
270,maragogi,-9.0122,-35.2225,28.83,58,58,4.93,BR,1675447014
271,villa maria,-32.4075,-63.2402,28.23,65,1,6.23,AR,1675447084
272,vestmannaeyjar,63.4427,-20.2734,8.55,81,100,20.58,IS,1675447084
273,port shepstone,-30.7414,30.455,24.03,80,63,3.65,ZA,1675447085
274,nekhayevskiy,50.4106,41.7561,-6.84,97,22,2.02,RU,1675447085
275,qaqortoq,60.7167,-46.0333,-10.99,61,100,15.0,GL,1675447086
276,hasaki,35.7333,140.8333,4.01,57,99,5.61,JP,1675447086
277,geraldton,-28.7667,114.6,29.23,30,24,6.69,AU,1675447087
278,sheregesh,52.9209,87.9869,-13.28,98,78,0.76,RU,1675447087
279,grindavik,63.8424,-22.4338,6.97,75,75,17.49,IS,1675447088
280,chuy,-33.6971,-53.4616,20.24,89,97,5.82,UY,1675447032
281,sain alto,23.5833,-103.25,13.48,38,2,4.43,MX,1675447088
282,praia da vitoria,38.7333,-27.0667,17.14,82,40,6.93,PT,1675447092
283,saint-paul,-21.0096,55.2707,27.06,86,92,0.64,RE,1675447092
284,vysokogornyy,50.1167,139.15,-29.61,100,89,0.9,RU,1675447093
285,chapais,49.7834,-74.8492,-34.12,82,100,6.52,CA,1675447093
286,chapayevka,47.4711,36.3451,0.17,86,94,1.53,UA,1675447094
287,sulayman,31.4002,46.2851,14.21,37,7,2.33,IQ,1675447094
288,knysna,-34.0363,23.0471,19.91,82,2,3.06,ZA,1675447095
289,acapulco,16.8634,-99.8901,29.1,46,2,3.03,MX,1675446822
290,cherskiy,68.75,161.3,-29.15,100,100,0.61,RU,1675447095
291,bhagalpur,25.25,87.0,14.18,51,12,3.47,IN,1675447096
292,jining,35.405,116.5814,1.27,64,3,0.84,CN,1675447096
293,rosario oeste,-14.8361,-56.4275,32.63,51,90,2.27,BR,1675447097
294,chivay,-15.6383,-71.6011,13.92,62,100,0.7,PE,1675447097
295,severo-kurilsk,50.6789,156.125,-2.66,74,100,5.33,RU,1675447098
296,severobaykalsk,55.65,109.3167,-18.07,89,99,2.58,RU,1675447098
297,paso de los toros,-32.8167,-56.5167,27.17,49,88,5.22,UY,1675447099
298,tacna,-18.0056,-70.2483,26.11,50,0,4.63,PE,1675447099
299,linhares,-19.3911,-40.0722,32.32,43,11,2.16,BR,1675447099
300,puerto cabezas,14.0351,-83.3888,25.98,94,75,5.14,NI,1675447100
301,vao,-22.6667,167.4833,26.73,79,99,7.03,NC,1675447100
302,khor,47.8861,134.9464,-27.84,100,98,1.37,RU,1675447101
303,petropavlovsk-kamchatskiy,53.0452,158.6483,-8.67,62,75,1.0,RU,1675447101
304,cayenne,4.9333,-52.3333,28.02,74,75,7.72,GF,1675447102
305,san nicolas guadalupe,19.6125,-100.0333,13.73,44,44,2.69,MX,1675447102
306,bolshoye selo,57.7177,38.9334,-1.8,96,100,3.33,RU,1675447103
307,nalut,30.3333,10.85,13.72,35,37,6.14,LY,1675447103
308,isangel,-19.55,169.2667,27.77,83,95,5.55,VU,1675447104
309,dolores,-36.3132,-57.6792,27.03,40,12,7.95,AR,1675447104
310,manono,-7.3,27.4167,24.9,76,94,1.19,CD,1675447091
311,mango,27.9797,-82.3065,23.1,83,100,5.66,US,1675447105
312,noyabrsk,63.1994,75.4507,-13.45,98,95,4.04,RU,1675447105
313,mahebourg,-20.4081,57.7,26.25,94,75,3.6,MU,1675447105
314,pauini,-7.7136,-66.9764,27.9,84,67,1.44,BR,1675447106
315,angoche,-16.2325,39.9086,26.55,81,68,2.46,MZ,1675447106
316,san cristobal,7.7669,-72.225,25.1,28,21,2.53,VE,1675447107
317,killarney,52.05,-9.5167,8.32,90,100,2.43,IE,1675447049
318,santa isabel,-23.3156,-46.2214,28.61,81,100,4.74,BR,1675447107
319,turukhansk,65.8167,87.9833,-14.75,96,100,3.18,RU,1675447108
320,la ronge,55.1001,-105.2842,-16.86,78,100,5.14,CA,1675447108
321,mwaya,-9.55,33.95,23.5,85,98,0.44,TZ,1675447109
322,tuy hoa,13.0833,109.3,22.92,91,100,2.13,VN,1675447109
323,susangerd,31.5608,48.1831,12.75,46,0,5.33,IR,1675447110
324,vardo,70.3705,31.1107,-4.01,80,75,4.12,NO,1675447110
325,vilhena,-12.7406,-60.1458,27.12,61,20,5.66,BR,1675447111
326,namibe,-15.1961,12.1522,22.85,77,87,3.61,AO,1675447111
327,san miguel,13.4833,-88.1833,32.81,33,0,4.12,SV,1675446992
328,basqal,40.7552,48.391,-3.33,93,92,1.77,AZ,1675447112
329,bulawayo,-20.15,28.5833,21.29,71,94,0.88,ZW,1675447112
330,tombouctou,20.0,-3.0,19.01,11,99,6.03,ML,1675447113
331,desaguadero,-16.5656,-69.0417,12.46,55,82,2.65,PE,1675447113
332,patos de minas,-18.5789,-46.5181,27.81,49,99,2.84,BR,1675447114
333,berdigestyakh,62.0989,126.6992,-25.06,98,100,2.45,RU,1675447114
334,canora,51.6333,-102.4343,-17.99,93,100,6.23,CA,1675447115
335,vrede,-27.4257,29.1659,15.24,92,62,5.31,ZA,1675447115
336,dalnerechensk,45.9339,133.7225,-26.63,97,37,1.42,RU,1675447116
337,kohima,25.6667,94.1167,10.42,52,0,1.28,IN,1675447116
338,emet,39.343,29.2585,-4.54,99,96,1.42,TR,1675447117
339,sistranda,63.7256,8.834,-4.02,69,22,4.06,NO,1675446848
340,mayo,38.8876,-76.5119,0.29,32,0,8.23,US,1675447117
341,nome,64.5011,-165.4064,-23.24,91,40,0.0,US,1675447084
342,severo-yeniseyskiy,60.3725,93.0408,-21.37,100,98,1.43,RU,1675447118
343,kirensk,57.7853,108.1119,-11.74,95,100,3.1,RU,1675447119
344,key largo,25.0865,-80.4473,31.0,71,29,4.12,US,1675447119
345,catamarca,-28.4696,-65.7852,32.1,36,42,3.58,AR,1675447119
346,warmbad,-28.45,18.7333,33.89,15,49,5.65,NA,1675447120
347,moron,-34.6534,-58.6198,29.41,71,65,4.57,AR,1675447120
348,los llanos de aridane,28.6585,-17.9182,17.86,69,40,2.06,ES,1675447121
349,itaituba,-4.2761,-55.9836,32.09,62,75,1.03,BR,1675447121
350,baykit,61.67,96.37,-22.75,100,97,1.38,RU,1675447122
351,raudeberg,61.9875,5.1352,1.59,74,100,4.93,NO,1675447122
352,oudtshoorn,-33.5907,22.2014,19.2,71,0,4.38,ZA,1675447123
353,bonnyville,54.2668,-110.735,-12.38,87,88,2.69,CA,1675447123
354,maniitsoq,65.4167,-52.9,-14.43,82,100,2.06,GL,1675446935
355,yumen,40.2833,97.2,-6.51,48,2,4.2,CN,1675447124
356,ileza,61.0533,43.9002,-7.17,96,100,2.06,RU,1675447124
357,pecos,31.4229,-103.4932,10.72,49,0,0.0,US,1675447125
358,derzhavinsk,51.1,66.3167,-17.67,97,9,3.98,KZ,1675447125
359,shimoda,34.6667,138.95,3.95,78,77,4.07,JP,1675447126
360,souillac,-20.5167,57.5167,25.21,94,75,3.6,MU,1675447075
361,salalah,17.0151,54.0924,21.95,71,1,0.91,OM,1675447126
362,nakatsu,33.5981,131.1883,5.94,78,66,2.55,JP,1675447127
363,weihai,37.5017,122.1136,0.26,46,0,2.72,CN,1675447127
364,aklavik,68.2191,-135.0107,-37.0,67,40,1.03,CA,1675447127
365,goderich,43.7501,-81.7165,-11.72,78,100,8.23,CA,1675447128
366,moche,-8.1711,-79.0092,23.1,78,75,4.63,PE,1675447128
367,nabire,-3.3667,135.4833,23.55,94,100,2.13,ID,1675446920
368,alamosa,37.4695,-105.87,-3.01,43,0,0.0,US,1675446968
369,talas,38.6908,35.5538,-3.63,63,75,0.0,TR,1675447129
370,longyan,25.1072,117.0225,14.45,87,100,1.32,CN,1675447129
371,praia,14.9215,-23.5087,25.3,50,20,9.77,CV,1675447130
372,sioux lookout,50.1001,-91.917,-27.96,63,75,2.06,CA,1675447130
373,tarata,-17.6167,-66.0167,18.68,63,100,2.85,BO,1675447131
374,saint-francois,46.4154,3.9054,4.82,77,75,1.03,FR,1675447131
375,el tigre,8.8875,-64.2454,30.81,39,33,4.98,VE,1675447132
376,klyuchi,52.2667,79.1667,-20.27,100,72,1.36,RU,1675447132
377,cockburn town,21.4612,-71.1419,25.23,71,62,6.98,TC,1675447133
378,termini imerese,37.9837,13.6956,10.66,83,0,1.43,IT,1675447133
379,susanino,58.1461,41.5872,-3.88,96,100,2.98,RU,1675447134
380,laranjeiras do sul,-25.4078,-52.4161,20.59,97,100,2.26,BR,1675447135
381,mandurah,-32.55,115.7,26.14,41,68,6.98,AU,1675447108
382,sao felix do xingu,-6.6447,-51.995,31.81,53,79,0.93,BR,1675447135
383,clyde river,70.4692,-68.5914,-28.87,63,75,7.2,CA,1675446880
384,portland,45.5234,-122.6762,7.89,76,100,5.81,US,1675446519
385,naron,43.5167,-8.1528,12.47,75,2,1.01,ES,1675447137
386,gat,31.61,34.7642,12.44,100,44,1.45,IL,1675447137
387,pocone,-16.2567,-56.6228,33.53,44,98,3.37,BR,1675447138
388,saint simons,31.1352,-81.3901,12.02,67,100,4.12,US,1675447138
389,conakry,9.538,-13.6773,31.04,62,5,6.17,GN,1675447139
390,burnie,-41.0667,145.9167,12.31,89,100,5.27,AU,1675447042
391,amapa,1.0,-52.0,26.2,86,99,1.97,BR,1675447139
392,yinchuan,38.4681,106.2731,-3.16,28,9,1.07,CN,1675447140
393,koroni,36.8,21.95,10.6,66,3,3.31,GR,1675447140
394,tanout,14.9709,8.8879,26.6,15,84,4.17,NE,1675447141
395,saint-joseph,-21.3667,55.6167,26.21,85,92,6.44,RE,1675446808
396,saint-pierre,-21.3393,55.4781,26.82,74,20,10.29,RE,1675447142
397,pangnirtung,66.1451,-65.7125,-35.0,75,75,1.03,CA,1675447142
398,warrnambool,-38.3833,142.4833,15.16,83,98,9.32,AU,1675447143
399,lucapa,-8.4192,20.7447,18.8,95,70,2.18,AO,1675447144
400,anahuac,27.2333,-100.15,13.69,32,7,3.88,MX,1675447144
401,lovozero,68.005,35.0117,-13.8,100,69,3.51,RU,1675447145
402,fokino,42.9836,132.4047,-12.18,73,89,1.73,RU,1675447145
403,rawson,-43.3002,-65.1023,29.05,30,0,4.77,AR,1675447146
404,onguday,50.75,86.15,-5.24,97,100,0.5,RU,1675447146
405,taft,31.7471,54.2088,6.97,31,0,2.06,IR,1675447147
406,sitka,57.0531,-135.33,2.94,93,100,0.0,US,1675447046
407,tilichiki,60.4667,166.1,-21.82,95,100,4.09,RU,1675447147
408,panaba,21.2833,-88.2667,30.0,47,0,5.29,MX,1675447148
409,prestice,49.573,13.3335,5.79,86,100,5.66,CZ,1675447148
410,balezino,57.9796,53.0106,-5.82,89,100,4.02,RU,1675446859
411,auki,-8.7676,160.7034,25.35,87,86,0.43,SB,1675447071
412,bijar,35.8668,47.6051,-10.75,88,8,3.26,IR,1675447149
413,thunder bay,48.4001,-89.3168,-25.01,48,0,4.63,CA,1675446954
414,castro,-24.7911,-50.0119,19.97,93,100,3.37,BR,1675447040
415,nosivka,50.9315,31.5828,-1.56,96,100,2.26,UA,1675447151
416,vereshchagino,58.0789,54.6557,-7.18,87,100,3.21,RU,1675447151
417,straumen,63.8709,11.2999,-5.0,89,59,1.27,NO,1675447152
418,bluefields,12.0137,-83.7635,28.04,83,75,3.09,NI,1675447152
419,kralendijk,12.15,-68.2667,27.99,65,75,8.23,BQ,1675447153
420,wakkanai,45.4094,141.6739,-6.38,66,100,3.89,JP,1675447153
421,lang son,21.8333,106.7333,18.17,96,99,1.01,VN,1675447140
422,marystown,47.1666,-55.1483,1.44,97,100,15.39,CA,1675447154
423,bambanglipuro,-7.95,110.2833,25.33,88,100,3.37,ID,1675447154
424,okhotsk,59.3833,143.3,-25.51,86,23,5.09,RU,1675447155
425,santa vitoria,-18.8386,-50.1214,30.77,54,59,3.68,BR,1675447157
426,tolaga bay,-38.3667,178.3,17.8,90,3,1.85,NZ,1675447157
427,upata,8.0086,-62.3989,25.66,56,91,1.64,VE,1675447158
428,aykhal,66.0,111.5,-28.71,100,100,2.18,RU,1675447158
429,lerwick,60.1545,-1.1494,6.0,86,100,1.92,GB,1675447159
430,vestmanna,62.1564,-7.1664,5.51,93,100,9.77,FO,1675447159
431,kyshtovka,56.555,76.6271,-17.54,100,91,0.78,RU,1675447160
432,brae,60.3964,-1.353,4.28,86,100,2.85,GB,1675447160
433,evensk,61.95,159.2333,-17.93,79,26,4.66,RU,1675447161
434,wilmington island,32.0036,-80.9737,10.58,92,100,5.14,US,1675447161
435,sangar,63.9242,127.4739,-26.79,89,100,4.74,RU,1675447162
436,mabaruma,8.2,-59.7833,25.95,82,29,2.76,GY,1675447162
437,reconquista,-29.15,-59.65,32.85,30,53,4.71,AR,1675447163
438,itarema,-2.9248,-39.9167,29.37,64,96,7.18,BR,1675447163
439,peleduy,59.6289,112.7406,-14.08,96,100,1.6,RU,1675447164
440,coahuayana,18.7333,-103.6833,32.16,26,50,2.71,MX,1675447164
441,ulladulla,-35.35,150.4667,14.01,53,2,3.55,AU,1675447164
442,cap malheureux,-19.9842,57.6142,26.37,80,9,1.34,MU,1675447165
443,saldanha,-33.0117,17.9442,23.03,81,6,10.47,ZA,1675447152
444,uige,-7.6087,15.0613,21.33,91,94,0.52,AO,1675447166
445,cruzeiro do sul,-29.5128,-51.9853,25.29,90,100,1.16,BR,1675447166
446,ambilobe,-13.2,49.05,24.48,89,17,0.84,MG,1675447068
447,zlitan,32.4674,14.5687,15.16,61,81,5.03,LY,1675447167
448,zaragoza,41.6561,-0.8773,11.68,45,0,3.6,ES,1675447167
449,hualmay,-11.0964,-77.6139,24.85,72,99,4.56,PE,1675447168
450,kaseda,31.4167,130.3167,9.7,71,98,4.8,JP,1675447168
451,trairi,-3.2778,-39.2689,29.73,60,99,6.25,BR,1675447168
452,porto novo,6.4965,2.6036,29.9,73,68,4.67,BJ,1675447169
453,dwarka,22.2394,68.9678,21.16,56,1,4.94,IN,1675447169
454,tashara,55.5195,83.5094,-22.12,100,94,1.03,RU,1675447170
455,kyzyl-suu,42.3414,78.0056,-1.24,68,72,2.46,KG,1675447170
456,natividade,-21.0422,-41.9733,31.93,53,62,1.11,BR,1675447171
457,hay river,60.8156,-115.7999,-19.01,78,100,4.63,CA,1675447171
458,poum,-20.2333,164.0167,27.41,80,93,4.1,NC,1675447172
459,comodoro rivadavia,-45.8667,-67.5,30.92,15,0,2.57,AR,1675447156
460,skelleftea,64.7507,20.9528,-14.44,100,0,2.06,SE,1675447172
461,bayshore gardens,27.4253,-82.5904,26.82,81,100,5.14,US,1675447173
462,port elizabeth,-33.918,25.5701,23.94,79,75,5.14,ZA,1675447175
463,prokopyevsk,53.9059,86.719,-16.24,84,100,1.17,RU,1675447176
464,araouane,18.9048,-3.5265,20.36,9,76,5.51,ML,1675447131
465,lethem,3.3803,-59.7968,34.35,38,54,5.09,GY,1675447176
466,lleida,41.6167,0.6167,10.5,64,0,1.03,ES,1675447177
467,quzhou,28.9594,118.8686,6.62,91,100,2.34,CN,1675447177
468,lebork,54.5392,17.7501,0.51,96,100,7.14,PL,1675447178
469,ahuimanu,21.4447,-157.8378,22.66,93,100,2.06,US,1675447178
470,fort nelson,58.8053,-122.7002,-18.36,79,75,1.03,CA,1675447178
471,bubaque,11.2833,-15.8333,25.84,72,6,5.93,GW,1675446908
472,turayf,31.6725,38.6637,9.14,46,0,3.09,SA,1675447179
473,hermosillo,29.0667,-110.9667,24.56,21,10,5.81,MX,1675447095
474,lazaro cardenas,17.9583,-102.2,29.91,37,2,3.13,MX,1675447180
475,leopold,-38.1833,144.4667,11.92,94,100,7.72,AU,1675447180
476,oktyabrskoye,43.0645,44.7417,-4.92,100,75,2.0,RU,1675447181
477,meulaboh,4.1363,96.1285,24.9,86,97,1.44,ID,1675447105
478,novo aripuana,-5.1206,-60.3797,30.3,68,38,1.58,BR,1675447130
479,hamilton,39.1834,-84.5333,-2.56,55,60,1.79,US,1675447182
480,vila franca do campo,37.7167,-25.4333,17.23,86,84,5.01,PT,1675447072
481,brooks,50.5834,-111.8851,1.99,60,63,5.14,CA,1675447182
482,lalibela,12.0333,39.0333,17.34,50,99,3.66,ET,1675447183
483,jiuquan,39.7432,98.5174,-5.54,49,32,1.48,CN,1675447054
484,kembe,4.6228,21.8865,28.14,20,7,1.56,CF,1675447184
485,yeppoon,-23.1333,150.7333,26.88,75,98,2.21,AU,1675447184
486,aswan,24.0934,32.907,19.61,26,0,2.57,EG,1675447184
487,fulton,33.7668,-84.4499,9.97,46,0,8.75,US,1675447185
488,jurado,7.1053,-77.7641,29.47,61,63,3.57,CO,1675447185
489,rampura,30.25,75.2333,12.78,59,3,1.27,IN,1675447186
490,hirado,33.3597,129.5531,7.85,63,58,6.43,JP,1675447186
491,salto,-31.3833,-57.9667,29.09,56,75,6.26,UY,1675447187
492,mogadishu,2.0371,45.3438,24.75,78,72,9.56,SO,1675446997
493,port macquarie,-31.4333,152.9167,19.05,56,5,5.03,AU,1675447123
494,saint-augustin,51.226,-58.6502,-1.43,97,100,9.24,CA,1675447094
495,sur,22.5667,59.5289,21.16,62,0,2.51,OM,1675447188
496,makasar,-5.14,119.4221,24.03,83,20,1.54,ID,1675446908
497,at-bashi,41.1702,75.8106,-7.7,86,100,0.86,KG,1675447189
498,caorle,45.5966,12.8758,7.79,80,76,2.2,IT,1675447189
499,mutis,6.2262,-77.4044,27.49,76,97,1.38,CO,1675447189
500,bonthe,7.5264,-12.505,28.13,73,12,5.23,SL,1675447190
501,cururupu,-1.8283,-44.8683,28.39,71,49,3.36,BR,1675447190
502,hobyo,5.3505,48.5268,25.14,68,22,8.43,SO,1675447119
503,cabo san lucas,22.8909,-109.9124,24.23,49,77,1.75,MX,1675446870
504,ponta delgada,37.7333,-25.6667,17.4,77,20,4.63,PT,1675447076
505,redmond,47.674,-122.1215,9.47,68,100,1.34,US,1675447192
506,alice springs,-23.7,133.8833,15.75,82,0,0.0,AU,1675447192
507,canutama,-6.5339,-64.3831,29.94,67,87,1.21,BR,1675447193
508,sept-iles,50.2001,-66.3821,-21.71,76,75,9.77,CA,1675447026
509,ixtapa,20.7,-105.2,31.79,26,1,2.3,MX,1675447193
510,borzya,50.3833,116.5167,-27.83,100,91,0.68,RU,1675447194
511,qandala,11.472,49.8728,23.05,69,9,2.24,SO,1675447194
512,nuuk,64.1835,-51.7216,-10.66,67,75,1.54,GL,1675446938
513,asyut,27.181,31.1837,16.1,36,0,3.59,EG,1675447195
514,fredericton,45.9454,-66.6656,-16.53,36,75,7.72,CA,1675447195
515,colac,-38.3333,143.5833,13.24,95,100,5.85,AU,1675447196
516,bundaberg,-24.85,152.35,26.79,98,73,0.45,AU,1675447196
517,rameshki,57.3439,36.0453,-2.0,98,100,1.35,RU,1675447197
518,xining,36.6167,101.7667,-4.29,46,0,0.78,CN,1675447197
519,north platte,41.1239,-100.7654,-6.06,68,0,3.6,US,1675446940
520,henderson,36.0397,-114.9819,14.58,37,0,1.54,US,1675446814
521,methoni,36.8197,21.7049,10.68,68,8,4.05,GR,1675447198
522,beboto,8.2668,16.939,29.22,13,35,2.37,TD,1675447199
523,bandarbeyla,9.4942,50.8122,24.05,67,3,8.69,SO,1675447103
524,viramgam,23.1225,72.0484,19.88,23,2,3.91,IN,1675447199
525,ostrovnoy,68.0531,39.5131,-13.15,93,99,3.68,RU,1675447200
526,huarmey,-10.0681,-78.1522,24.7,74,99,4.64,PE,1675447078
527,verkhnyaya inta,65.9811,60.3094,-8.7,91,98,5.31,RU,1675447202
528,antalaha,-14.9003,50.2788,24.91,87,17,3.15,MG,1675447206
529,kiama,-34.6833,150.8667,18.89,57,17,3.58,AU,1675447208
530,portel,-1.9356,-50.8211,28.72,63,96,1.32,BR,1675447215
531,saint george,37.1041,-113.5841,8.57,46,0,0.0,US,1675447217
532,mehamn,71.0357,27.8492,-2.03,59,75,4.63,NO,1675447188
533,dingle,10.9995,122.6711,23.31,92,70,3.68,PH,1675447138
534,xinzhou,38.4092,112.7333,-3.18,36,0,0.34,CN,1675447219
535,kaduqli,11.0167,29.7167,24.64,11,14,3.68,SD,1675447219
536,san juan de los lagos,21.25,-102.3,18.89,40,10,3.64,MX,1675446997
537,pavullo nel frignano,44.3315,10.835,6.73,87,51,3.1,IT,1675447221
538,sloboda,51.1421,40.3021,-0.32,87,100,3.45,RU,1675447222
539,hornepayne,49.2138,-84.7705,-25.08,81,100,5.1,CA,1675447223
540,rio claro,-22.4114,-47.5614,23.22,87,100,2.55,BR,1675447223
541,tura,25.5198,90.2201,15.64,51,3,0.6,IN,1675447225
542,manaure,11.7751,-72.4445,29.56,48,2,10.72,CO,1675447227
543,qinzhou,21.95,108.6167,18.12,93,100,1.86,CN,1675447228
544,kulhudhuffushi,6.6221,73.07,25.47,80,100,3.43,MV,1675447099
545,pucallpa,-8.3791,-74.5539,30.02,62,75,3.09,PE,1675447229
546,stephenville,32.2207,-98.2023,6.2,80,0,2.57,US,1675447230
547,biloela,-24.4167,150.5,26.33,59,91,2.3,AU,1675447227
548,vila,42.0304,-8.1588,7.49,77,0,1.51,PT,1675446976
549,sakakah,29.9697,40.2064,11.76,44,47,3.28,SA,1675447232
550,kemijarvi,66.7131,27.4306,-22.55,100,82,1.32,FI,1675447232
551,crailsheim,49.1344,10.0719,6.56,93,100,10.14,DE,1675447233
552,minot,48.2325,-101.2963,-12.88,72,100,7.2,US,1675447079
553,ginir,7.1333,40.7,17.76,21,73,1.96,ET,1675447238
554,sungaipenuh,-2.0833,101.3833,17.62,90,97,0.96,ID,1675447239
555,oranjemund,-28.55,16.4333,17.32,88,1,5.34,NA,1675447239
556,gasa,31.5,34.4667,9.93,72,37,0.86,PS,1675447240
557,mercedes,-34.6515,-59.4307,29.32,33,55,6.55,AR,1675447241
558,mufulira,-12.5498,28.2407,18.66,94,95,1.64,ZM,1675447242
559,badajoz,38.6667,-6.1667,8.84,56,0,1.83,ES,1675446967
560,miguel auza,24.2933,-103.4503,13.23,28,7,3.58,MX,1675447243
561,puerto escondido,15.85,-97.0667,30.02,55,5,4.23,MX,1675447244
562,male,4.1748,73.5089,27.97,74,75,5.66,MV,1675447137
563,gemena,3.25,19.7667,25.75,57,58,0.79,CD,1675447247
564,seoul,37.5683,126.9778,-4.31,71,0,1.54,KR,1675446699
565,sibolga,1.7427,98.7792,24.17,86,66,1.66,ID,1675447249
566,nhulunbuy,-12.2333,136.7667,26.34,94,100,2.06,AU,1675447249
567,patacamaya,-17.2333,-67.9167,14.03,49,99,4.17,BO,1675447250
568,vila do maio,15.1333,-23.2167,25.44,70,94,7.64,CV,1675447251
569,malanje,-9.5402,16.341,18.52,95,79,1.61,AO,1675447259
570,itinga,-16.6131,-41.7653,31.47,49,6,0.27,BR,1675447260
571,hokitika,-42.7167,170.9667,18.97,87,98,2.14,NZ,1675447015
572,ondjiva,-17.0667,15.7333,26.56,50,92,4.26,AO,1675447164
573,ivesti,45.6833,27.5167,-1.33,91,60,2.2,RO,1675447262
574,oranjestad,12.524,-70.027,28.97,61,40,9.77,AW,1675446985
575,biskupiec,53.8647,20.9569,-1.1,80,100,3.92,PL,1675447169
576,lazurne,46.084,32.5295,4.04,72,50,6.2,UA,1675447279
577,magbay,12.4101,121.0899,24.59,74,100,4.77,PH,1675447281
578,benicarlo,40.4165,0.4271,10.69,69,0,2.86,ES,1675447282
579,asau,46.4333,26.4,-2.49,92,90,2.25,RO,1675447282
580,rosarito,32.3333,-117.0333,17.91,33,100,2.04,MX,1675447193
581,laela,-8.5667,32.05,16.5,96,96,1.31,TZ,1675447283
582,chorley,53.65,-2.6167,11.0,82,88,3.13,GB,1675447285
583,svetlogorsk,52.6333,29.7333,-2.99,85,100,2.56,BY,1675447285
584,almaznyy,48.0448,40.045,-0.05,81,100,3.77,RU,1675447286
585,shizunai,42.3339,142.3669,-6.71,73,51,2.69,JP,1675447287
586,bud,39.447,-86.1758,-4.58,59,2,4.39,US,1675447288
587,sao jose da coroa grande,-8.8978,-35.1478,28.82,58,55,4.63,BR,1675447289
588,zhuhai,22.2769,113.5678,19.36,82,40,4.63,CN,1675447289
589,beloha,-25.1667,45.05,22.85,87,75,5.95,MG,1675447290
590,broadstairs,51.3591,1.4394,10.43,80,31,1.79,GB,1675447290
591,nurota,40.5614,65.6886,7.2,91,100,2.6,UZ,1675447291
592,mount isa,-20.7333,139.5,21.87,49,16,6.69,AU,1675447292
593,chumikan,54.7183,135.315,-25.73,92,52,7.33,RU,1675447293
594,tautira,-17.7333,-149.15,27.42,78,80,8.4,PF,1675447287
595,ko samui,9.5357,99.9357,27.12,77,38,4.24,TH,1675447289
596,pathein,16.7833,94.7333,22.38,78,19,3.09,MM,1675447295
597,san andres,12.5847,-81.7006,29.01,70,20,7.2,CO,1675447295
598,homer,59.6425,-151.5483,-1.07,93,75,0.0,US,1675447296
599,pekan,3.4836,103.3996,23.06,91,96,3.09,MY,1675447296
600,terre haute,39.4667,-87.4139,-6.13,56,2,0.89,US,1675447201
601,tecoanapa,16.5167,-98.75,29.06,50,0,4.1,MX,1675447298
